<?xml version="1.0" encoding="UTF-8"?>
    <addon id="repository.flixrepo" name="FlixRepo" version="1.0.0" provider-name="PaťaseK">
        <requires>
            <import addon="xbmc.addon" version="12.0.0"/>
        </requires>
        <extension point="xbmc.addon.repository" name="FlixRepo">
            <info compressed="false">https://raw.githubusercontent.com/ProfiTick/repository.flixrepo/_repo/addons.xml</info>
            <checksum>https://raw.githubusercontent.com/ProfiTick/repository.flixrepo/_repo/addons.xml.md5</checksum>
            <datadir zip="true">https://raw.githubusercontent.com/ProfiTick/repository.flixrepo/_repo/</datadir>
            <hashes>false</hashes>
        </extension>
        <extension point="xbmc.addon.metadata">
            <summary>Kodi Repository with some Streaming Addons!</summary>
            <description>FlixRepo is an Kodi Repository that contain some Streaming Add-ons!</description>
            <platform>all</platform>
    </extension>
</addon>