<?xml version="1.0" encoding="UTF-8" standalone="yes"?>
<addon id="plugin.video.stream-cinema-indie" name="Stream Cinema CZ a SK (Indie)" provider-name="indie" version="1.0.0">
    <requires>
        <import addon="xbmc.python" version="3.0.0"/>
        <import addon="script.module.requests" version="2.25.1"/>
        <import addon="script.module.websocket" version="0.58.0"/>
        <import addon="script.module.trakt" version="4.4.0"/>
        <import addon="service.upnext" version="1.1.5"/>
    </requires>
    <extension library="main.py" point="xbmc.python.pluginsource">
        <provides>video</provides>
    </extension>
    <extension library="service.py" point="xbmc.service" start="startup">
        <provides>service</provides>
    </extension>
    <extension point="xbmc.python.script" library="script.py">
        <provides>executable</provides>
    </extension>
    <extension point="xbmc.addon.metadata">
        <summary lang="en">stream-cinema.online - play content from kra.sk[CR]For operation it is necessary to
            [I]register at kra.sk and have an active subscription[/I].
        </summary>
        <summary lang="cs">stream-cinema.online - přehrávání obsahu z kra.sk[CR]Pre provoz je potřebná
            [I]registrace na kra.sk s aktivním předplatným[/I].
        </summary>
        <summary lang="sk">stream-cinema.online - prehrávanie obsahu z kra.sk[CR]Pre prevádzku je potrebná
            [I]registrácia na kra.sk s aktívnym predplatným[/I].
        </summary>
        <platform>all</platform>
        <license>GNU GENERAL PUBLIC LICENSE. Version 3, 29 June 2007</license>
        <source>https://github.com/indie/plugin.video.stream-cinema-indie.git</source>
        <assets>
            <icon>icon.png</icon>
            <fanart>fanart.jpg</fanart>
            <screenshot>resources/screenshots/screenshot-01.jpg</screenshot>
            <screenshot>resources/screenshots/screenshot-02.jpg</screenshot>
            <screenshot>resources/screenshots/screenshot-03.jpg</screenshot>
        </assets>
        <disclaimer lang="en">This is an independent fork of the original addon. The author of this addon does not provide any content and has no affiliation with content providers. This addon only searches shared content on kra.sk. Use at your own risk!
        </disclaimer>
        <disclaimer lang="sk">Toto je nezávislý fork pôvodného doplnku. Autor tohto doplnku neposkytuje žiaden obsah a nie je nijak prepojený s poskytovateľmi obsahu. Tento doplnok iba vyhľadáva sprístupnený obsah na kra.sk. Použitie na vlastnú zodpovednosť!
        </disclaimer>
        <disclaimer lang="cs">Toto je nezávislý fork původního doplňku. Autor tohoto doplňku neposkytuje žádný obsah a není nijako propojený s poskytovatelemi obsahu. Tento doplněk pouze vyhledáva zpřístupněný obsah na kra.sk. Použití na vlastní odpovědnost!
        </disclaimer>
        <news>[B]Novinky[/B]
              [I][B]1.0.0[/B][/I]
            * Nezávislý fork původního doplňku
            * Zachována plná funkcionalita
            * Nezávislý vývoj a údržba
        </news>
    </extension>
</addon>